feature_name,feature_prefix,category
value__abs_energy,abs_energy,"Local variation, energy & morphology"
value__absolute_maximum,absolute_maximum,Distribution & amplitude
value__absolute_sum_of_changes,absolute_sum_of_changes,"Local variation, energy & morphology"
"value__agg_autocorrelation__f_agg_""mean""__maxlag_40",agg_autocorrelation,Temporal dependence & trends
"value__agg_autocorrelation__f_agg_""median""__maxlag_40",agg_autocorrelation,Temporal dependence & trends
"value__agg_autocorrelation__f_agg_""var""__maxlag_40",agg_autocorrelation,Temporal dependence & trends
"value__agg_linear_trend__attr_""intercept""__chunk_len_10__f_agg_""max""",agg_linear_trend,Temporal dependence & trends
"value__agg_linear_trend__attr_""intercept""__chunk_len_10__f_agg_""mean""",agg_linear_trend,Temporal dependence & trends
"value__agg_linear_trend__attr_""intercept""__chunk_len_10__f_agg_""min""",agg_linear_trend,Temporal dependence & trends
"value__agg_linear_trend__attr_""intercept""__chunk_len_10__f_agg_""var""",agg_linear_trend,Temporal dependence & trends
"value__agg_linear_trend__attr_""intercept""__chunk_len_50__f_agg_""max""",agg_linear_trend,Temporal dependence & trends
"value__agg_linear_trend__attr_""intercept""__chunk_len_50__f_agg_""mean""",agg_linear_trend,Temporal dependence & trends
"value__agg_linear_trend__attr_""intercept""__chunk_len_50__f_agg_""min""",agg_linear_trend,Temporal dependence & trends
"value__agg_linear_trend__attr_""intercept""__chunk_len_50__f_agg_""var""",agg_linear_trend,Temporal dependence & trends
"value__agg_linear_trend__attr_""intercept""__chunk_len_5__f_agg_""max""",agg_linear_trend,Temporal dependence & trends
"value__agg_linear_trend__attr_""intercept""__chunk_len_5__f_agg_""mean""",agg_linear_trend,Temporal dependence & trends
"value__agg_linear_trend__attr_""intercept""__chunk_len_5__f_agg_""min""",agg_linear_trend,Temporal dependence & trends
"value__agg_linear_trend__attr_""intercept""__chunk_len_5__f_agg_""var""",agg_linear_trend,Temporal dependence & trends
"value__agg_linear_trend__attr_""rvalue""__chunk_len_10__f_agg_""max""",agg_linear_trend,Temporal dependence & trends
"value__agg_linear_trend__attr_""rvalue""__chunk_len_10__f_agg_""mean""",agg_linear_trend,Temporal dependence & trends
"value__agg_linear_trend__attr_""rvalue""__chunk_len_10__f_agg_""min""",agg_linear_trend,Temporal dependence & trends
"value__agg_linear_trend__attr_""rvalue""__chunk_len_10__f_agg_""var""",agg_linear_trend,Temporal dependence & trends
"value__agg_linear_trend__attr_""rvalue""__chunk_len_50__f_agg_""max""",agg_linear_trend,Temporal dependence & trends
"value__agg_linear_trend__attr_""rvalue""__chunk_len_50__f_agg_""mean""",agg_linear_trend,Temporal dependence & trends
"value__agg_linear_trend__attr_""rvalue""__chunk_len_50__f_agg_""min""",agg_linear_trend,Temporal dependence & trends
"value__agg_linear_trend__attr_""rvalue""__chunk_len_50__f_agg_""var""",agg_linear_trend,Temporal dependence & trends
"value__agg_linear_trend__attr_""rvalue""__chunk_len_5__f_agg_""max""",agg_linear_trend,Temporal dependence & trends
"value__agg_linear_trend__attr_""rvalue""__chunk_len_5__f_agg_""mean""",agg_linear_trend,Temporal dependence & trends
"value__agg_linear_trend__attr_""rvalue""__chunk_len_5__f_agg_""min""",agg_linear_trend,Temporal dependence & trends
"value__agg_linear_trend__attr_""rvalue""__chunk_len_5__f_agg_""var""",agg_linear_trend,Temporal dependence & trends
"value__agg_linear_trend__attr_""slope""__chunk_len_10__f_agg_""max""",agg_linear_trend,Temporal dependence & trends
"value__agg_linear_trend__attr_""slope""__chunk_len_10__f_agg_""mean""",agg_linear_trend,Temporal dependence & trends
"value__agg_linear_trend__attr_""slope""__chunk_len_10__f_agg_""min""",agg_linear_trend,Temporal dependence & trends
"value__agg_linear_trend__attr_""slope""__chunk_len_10__f_agg_""var""",agg_linear_trend,Temporal dependence & trends
"value__agg_linear_trend__attr_""slope""__chunk_len_50__f_agg_""max""",agg_linear_trend,Temporal dependence & trends
"value__agg_linear_trend__attr_""slope""__chunk_len_50__f_agg_""mean""",agg_linear_trend,Temporal dependence & trends
"value__agg_linear_trend__attr_""slope""__chunk_len_50__f_agg_""min""",agg_linear_trend,Temporal dependence & trends
"value__agg_linear_trend__attr_""slope""__chunk_len_50__f_agg_""var""",agg_linear_trend,Temporal dependence & trends
"value__agg_linear_trend__attr_""slope""__chunk_len_5__f_agg_""max""",agg_linear_trend,Temporal dependence & trends
"value__agg_linear_trend__attr_""slope""__chunk_len_5__f_agg_""mean""",agg_linear_trend,Temporal dependence & trends
"value__agg_linear_trend__attr_""slope""__chunk_len_5__f_agg_""min""",agg_linear_trend,Temporal dependence & trends
"value__agg_linear_trend__attr_""slope""__chunk_len_5__f_agg_""var""",agg_linear_trend,Temporal dependence & trends
"value__agg_linear_trend__attr_""stderr""__chunk_len_10__f_agg_""max""",agg_linear_trend,Temporal dependence & trends
"value__agg_linear_trend__attr_""stderr""__chunk_len_10__f_agg_""mean""",agg_linear_trend,Temporal dependence & trends
"value__agg_linear_trend__attr_""stderr""__chunk_len_10__f_agg_""min""",agg_linear_trend,Temporal dependence & trends
"value__agg_linear_trend__attr_""stderr""__chunk_len_10__f_agg_""var""",agg_linear_trend,Temporal dependence & trends
"value__agg_linear_trend__attr_""stderr""__chunk_len_50__f_agg_""max""",agg_linear_trend,Temporal dependence & trends
"value__agg_linear_trend__attr_""stderr""__chunk_len_50__f_agg_""mean""",agg_linear_trend,Temporal dependence & trends
"value__agg_linear_trend__attr_""stderr""__chunk_len_50__f_agg_""min""",agg_linear_trend,Temporal dependence & trends
"value__agg_linear_trend__attr_""stderr""__chunk_len_50__f_agg_""var""",agg_linear_trend,Temporal dependence & trends
"value__agg_linear_trend__attr_""stderr""__chunk_len_5__f_agg_""max""",agg_linear_trend,Temporal dependence & trends
"value__agg_linear_trend__attr_""stderr""__chunk_len_5__f_agg_""mean""",agg_linear_trend,Temporal dependence & trends
"value__agg_linear_trend__attr_""stderr""__chunk_len_5__f_agg_""min""",agg_linear_trend,Temporal dependence & trends
"value__agg_linear_trend__attr_""stderr""__chunk_len_5__f_agg_""var""",agg_linear_trend,Temporal dependence & trends
value__approximate_entropy__m_2__r_0.1,approximate_entropy,Complexity & nonlinear dynamics
value__approximate_entropy__m_2__r_0.3,approximate_entropy,Complexity & nonlinear dynamics
value__approximate_entropy__m_2__r_0.5,approximate_entropy,Complexity & nonlinear dynamics
value__approximate_entropy__m_2__r_0.7,approximate_entropy,Complexity & nonlinear dynamics
value__approximate_entropy__m_2__r_0.9,approximate_entropy,Complexity & nonlinear dynamics
value__ar_coefficient__coeff_0__k_10,ar_coefficient,Temporal dependence & trends
value__ar_coefficient__coeff_10__k_10,ar_coefficient,Temporal dependence & trends
value__ar_coefficient__coeff_1__k_10,ar_coefficient,Temporal dependence & trends
value__ar_coefficient__coeff_2__k_10,ar_coefficient,Temporal dependence & trends
value__ar_coefficient__coeff_3__k_10,ar_coefficient,Temporal dependence & trends
value__ar_coefficient__coeff_4__k_10,ar_coefficient,Temporal dependence & trends
value__ar_coefficient__coeff_5__k_10,ar_coefficient,Temporal dependence & trends
value__ar_coefficient__coeff_6__k_10,ar_coefficient,Temporal dependence & trends
value__ar_coefficient__coeff_7__k_10,ar_coefficient,Temporal dependence & trends
value__ar_coefficient__coeff_8__k_10,ar_coefficient,Temporal dependence & trends
value__ar_coefficient__coeff_9__k_10,ar_coefficient,Temporal dependence & trends
"value__augmented_dickey_fuller__attr_""pvalue""__autolag_""AIC""",augmented_dickey_fuller,Temporal dependence & trends
"value__augmented_dickey_fuller__attr_""teststat""__autolag_""AIC""",augmented_dickey_fuller,Temporal dependence & trends
"value__augmented_dickey_fuller__attr_""usedlag""__autolag_""AIC""",augmented_dickey_fuller,Temporal dependence & trends
value__autocorrelation__lag_0,autocorrelation,Temporal dependence & trends
value__autocorrelation__lag_1,autocorrelation,Temporal dependence & trends
value__autocorrelation__lag_2,autocorrelation,Temporal dependence & trends
value__autocorrelation__lag_3,autocorrelation,Temporal dependence & trends
value__autocorrelation__lag_4,autocorrelation,Temporal dependence & trends
value__autocorrelation__lag_5,autocorrelation,Temporal dependence & trends
value__autocorrelation__lag_6,autocorrelation,Temporal dependence & trends
value__autocorrelation__lag_7,autocorrelation,Temporal dependence & trends
value__autocorrelation__lag_8,autocorrelation,Temporal dependence & trends
value__autocorrelation__lag_9,autocorrelation,Temporal dependence & trends
value__benford_correlation,benford_correlation,Complexity & nonlinear dynamics
value__binned_entropy__max_bins_10,binned_entropy,Complexity & nonlinear dynamics
value__c3__lag_1,c3,Complexity & nonlinear dynamics
value__c3__lag_2,c3,Complexity & nonlinear dynamics
value__c3__lag_3,c3,Complexity & nonlinear dynamics
"value__change_quantiles__f_agg_""mean""__isabs_False__qh_0.2__ql_0.0",change_quantiles,"Local variation, energy & morphology"
"value__change_quantiles__f_agg_""mean""__isabs_False__qh_0.4__ql_0.0",change_quantiles,"Local variation, energy & morphology"
"value__change_quantiles__f_agg_""mean""__isabs_False__qh_0.4__ql_0.2",change_quantiles,"Local variation, energy & morphology"
"value__change_quantiles__f_agg_""mean""__isabs_False__qh_0.6__ql_0.0",change_quantiles,"Local variation, energy & morphology"
"value__change_quantiles__f_agg_""mean""__isabs_False__qh_0.6__ql_0.2",change_quantiles,"Local variation, energy & morphology"
"value__change_quantiles__f_agg_""mean""__isabs_False__qh_0.6__ql_0.4",change_quantiles,"Local variation, energy & morphology"
"value__change_quantiles__f_agg_""mean""__isabs_False__qh_0.8__ql_0.0",change_quantiles,"Local variation, energy & morphology"
"value__change_quantiles__f_agg_""mean""__isabs_False__qh_0.8__ql_0.2",change_quantiles,"Local variation, energy & morphology"
"value__change_quantiles__f_agg_""mean""__isabs_False__qh_0.8__ql_0.4",change_quantiles,"Local variation, energy & morphology"
"value__change_quantiles__f_agg_""mean""__isabs_False__qh_0.8__ql_0.6",change_quantiles,"Local variation, energy & morphology"
"value__change_quantiles__f_agg_""mean""__isabs_False__qh_1.0__ql_0.0",change_quantiles,"Local variation, energy & morphology"
"value__change_quantiles__f_agg_""mean""__isabs_False__qh_1.0__ql_0.2",change_quantiles,"Local variation, energy & morphology"
"value__change_quantiles__f_agg_""mean""__isabs_False__qh_1.0__ql_0.4",change_quantiles,"Local variation, energy & morphology"
"value__change_quantiles__f_agg_""mean""__isabs_False__qh_1.0__ql_0.6",change_quantiles,"Local variation, energy & morphology"
"value__change_quantiles__f_agg_""mean""__isabs_False__qh_1.0__ql_0.8",change_quantiles,"Local variation, energy & morphology"
"value__change_quantiles__f_agg_""mean""__isabs_True__qh_0.2__ql_0.0",change_quantiles,"Local variation, energy & morphology"
"value__change_quantiles__f_agg_""mean""__isabs_True__qh_0.4__ql_0.0",change_quantiles,"Local variation, energy & morphology"
"value__change_quantiles__f_agg_""mean""__isabs_True__qh_0.4__ql_0.2",change_quantiles,"Local variation, energy & morphology"
"value__change_quantiles__f_agg_""mean""__isabs_True__qh_0.6__ql_0.0",change_quantiles,"Local variation, energy & morphology"
"value__change_quantiles__f_agg_""mean""__isabs_True__qh_0.6__ql_0.2",change_quantiles,"Local variation, energy & morphology"
"value__change_quantiles__f_agg_""mean""__isabs_True__qh_0.6__ql_0.4",change_quantiles,"Local variation, energy & morphology"
"value__change_quantiles__f_agg_""mean""__isabs_True__qh_0.8__ql_0.0",change_quantiles,"Local variation, energy & morphology"
"value__change_quantiles__f_agg_""mean""__isabs_True__qh_0.8__ql_0.2",change_quantiles,"Local variation, energy & morphology"
"value__change_quantiles__f_agg_""mean""__isabs_True__qh_0.8__ql_0.4",change_quantiles,"Local variation, energy & morphology"
"value__change_quantiles__f_agg_""mean""__isabs_True__qh_0.8__ql_0.6",change_quantiles,"Local variation, energy & morphology"
"value__change_quantiles__f_agg_""mean""__isabs_True__qh_1.0__ql_0.0",change_quantiles,"Local variation, energy & morphology"
"value__change_quantiles__f_agg_""mean""__isabs_True__qh_1.0__ql_0.2",change_quantiles,"Local variation, energy & morphology"
"value__change_quantiles__f_agg_""mean""__isabs_True__qh_1.0__ql_0.4",change_quantiles,"Local variation, energy & morphology"
"value__change_quantiles__f_agg_""mean""__isabs_True__qh_1.0__ql_0.6",change_quantiles,"Local variation, energy & morphology"
"value__change_quantiles__f_agg_""mean""__isabs_True__qh_1.0__ql_0.8",change_quantiles,"Local variation, energy & morphology"
"value__change_quantiles__f_agg_""var""__isabs_False__qh_0.2__ql_0.0",change_quantiles,"Local variation, energy & morphology"
"value__change_quantiles__f_agg_""var""__isabs_False__qh_0.4__ql_0.0",change_quantiles,"Local variation, energy & morphology"
"value__change_quantiles__f_agg_""var""__isabs_False__qh_0.4__ql_0.2",change_quantiles,"Local variation, energy & morphology"
"value__change_quantiles__f_agg_""var""__isabs_False__qh_0.6__ql_0.0",change_quantiles,"Local variation, energy & morphology"
"value__change_quantiles__f_agg_""var""__isabs_False__qh_0.6__ql_0.2",change_quantiles,"Local variation, energy & morphology"
"value__change_quantiles__f_agg_""var""__isabs_False__qh_0.6__ql_0.4",change_quantiles,"Local variation, energy & morphology"
"value__change_quantiles__f_agg_""var""__isabs_False__qh_0.8__ql_0.0",change_quantiles,"Local variation, energy & morphology"
"value__change_quantiles__f_agg_""var""__isabs_False__qh_0.8__ql_0.2",change_quantiles,"Local variation, energy & morphology"
"value__change_quantiles__f_agg_""var""__isabs_False__qh_0.8__ql_0.4",change_quantiles,"Local variation, energy & morphology"
"value__change_quantiles__f_agg_""var""__isabs_False__qh_0.8__ql_0.6",change_quantiles,"Local variation, energy & morphology"
"value__change_quantiles__f_agg_""var""__isabs_False__qh_1.0__ql_0.0",change_quantiles,"Local variation, energy & morphology"
"value__change_quantiles__f_agg_""var""__isabs_False__qh_1.0__ql_0.2",change_quantiles,"Local variation, energy & morphology"
"value__change_quantiles__f_agg_""var""__isabs_False__qh_1.0__ql_0.4",change_quantiles,"Local variation, energy & morphology"
"value__change_quantiles__f_agg_""var""__isabs_False__qh_1.0__ql_0.6",change_quantiles,"Local variation, energy & morphology"
"value__change_quantiles__f_agg_""var""__isabs_False__qh_1.0__ql_0.8",change_quantiles,"Local variation, energy & morphology"
"value__change_quantiles__f_agg_""var""__isabs_True__qh_0.2__ql_0.0",change_quantiles,"Local variation, energy & morphology"
"value__change_quantiles__f_agg_""var""__isabs_True__qh_0.4__ql_0.0",change_quantiles,"Local variation, energy & morphology"
"value__change_quantiles__f_agg_""var""__isabs_True__qh_0.4__ql_0.2",change_quantiles,"Local variation, energy & morphology"
"value__change_quantiles__f_agg_""var""__isabs_True__qh_0.6__ql_0.0",change_quantiles,"Local variation, energy & morphology"
"value__change_quantiles__f_agg_""var""__isabs_True__qh_0.6__ql_0.2",change_quantiles,"Local variation, energy & morphology"
"value__change_quantiles__f_agg_""var""__isabs_True__qh_0.6__ql_0.4",change_quantiles,"Local variation, energy & morphology"
"value__change_quantiles__f_agg_""var""__isabs_True__qh_0.8__ql_0.0",change_quantiles,"Local variation, energy & morphology"
"value__change_quantiles__f_agg_""var""__isabs_True__qh_0.8__ql_0.2",change_quantiles,"Local variation, energy & morphology"
"value__change_quantiles__f_agg_""var""__isabs_True__qh_0.8__ql_0.4",change_quantiles,"Local variation, energy & morphology"
"value__change_quantiles__f_agg_""var""__isabs_True__qh_0.8__ql_0.6",change_quantiles,"Local variation, energy & morphology"
"value__change_quantiles__f_agg_""var""__isabs_True__qh_1.0__ql_0.0",change_quantiles,"Local variation, energy & morphology"
"value__change_quantiles__f_agg_""var""__isabs_True__qh_1.0__ql_0.2",change_quantiles,"Local variation, energy & morphology"
"value__change_quantiles__f_agg_""var""__isabs_True__qh_1.0__ql_0.4",change_quantiles,"Local variation, energy & morphology"
"value__change_quantiles__f_agg_""var""__isabs_True__qh_1.0__ql_0.6",change_quantiles,"Local variation, energy & morphology"
"value__change_quantiles__f_agg_""var""__isabs_True__qh_1.0__ql_0.8",change_quantiles,"Local variation, energy & morphology"
value__cid_ce__normalize_False,cid_ce,Complexity & nonlinear dynamics
value__cid_ce__normalize_True,cid_ce,Complexity & nonlinear dynamics
value__count_above__t_0,count_above,Distribution & amplitude
value__count_above_mean,count_above_mean,Distribution & amplitude
value__count_below__t_0,count_below,Distribution & amplitude
value__count_below_mean,count_below_mean,Distribution & amplitude
"value__cwt_coefficients__coeff_0__w_10__widths_(2, 5, 10, 20)",cwt_coefficients,Spectral & time-frequency properties
"value__cwt_coefficients__coeff_0__w_20__widths_(2, 5, 10, 20)",cwt_coefficients,Spectral & time-frequency properties
"value__cwt_coefficients__coeff_0__w_2__widths_(2, 5, 10, 20)",cwt_coefficients,Spectral & time-frequency properties
"value__cwt_coefficients__coeff_0__w_5__widths_(2, 5, 10, 20)",cwt_coefficients,Spectral & time-frequency properties
"value__cwt_coefficients__coeff_10__w_10__widths_(2, 5, 10, 20)",cwt_coefficients,Spectral & time-frequency properties
"value__cwt_coefficients__coeff_10__w_20__widths_(2, 5, 10, 20)",cwt_coefficients,Spectral & time-frequency properties
"value__cwt_coefficients__coeff_10__w_2__widths_(2, 5, 10, 20)",cwt_coefficients,Spectral & time-frequency properties
"value__cwt_coefficients__coeff_10__w_5__widths_(2, 5, 10, 20)",cwt_coefficients,Spectral & time-frequency properties
"value__cwt_coefficients__coeff_11__w_10__widths_(2, 5, 10, 20)",cwt_coefficients,Spectral & time-frequency properties
"value__cwt_coefficients__coeff_11__w_20__widths_(2, 5, 10, 20)",cwt_coefficients,Spectral & time-frequency properties
"value__cwt_coefficients__coeff_11__w_2__widths_(2, 5, 10, 20)",cwt_coefficients,Spectral & time-frequency properties
"value__cwt_coefficients__coeff_11__w_5__widths_(2, 5, 10, 20)",cwt_coefficients,Spectral & time-frequency properties
"value__cwt_coefficients__coeff_12__w_10__widths_(2, 5, 10, 20)",cwt_coefficients,Spectral & time-frequency properties
"value__cwt_coefficients__coeff_12__w_20__widths_(2, 5, 10, 20)",cwt_coefficients,Spectral & time-frequency properties
"value__cwt_coefficients__coeff_12__w_2__widths_(2, 5, 10, 20)",cwt_coefficients,Spectral & time-frequency properties
"value__cwt_coefficients__coeff_12__w_5__widths_(2, 5, 10, 20)",cwt_coefficients,Spectral & time-frequency properties
"value__cwt_coefficients__coeff_13__w_10__widths_(2, 5, 10, 20)",cwt_coefficients,Spectral & time-frequency properties
"value__cwt_coefficients__coeff_13__w_20__widths_(2, 5, 10, 20)",cwt_coefficients,Spectral & time-frequency properties
"value__cwt_coefficients__coeff_13__w_2__widths_(2, 5, 10, 20)",cwt_coefficients,Spectral & time-frequency properties
"value__cwt_coefficients__coeff_13__w_5__widths_(2, 5, 10, 20)",cwt_coefficients,Spectral & time-frequency properties
"value__cwt_coefficients__coeff_14__w_10__widths_(2, 5, 10, 20)",cwt_coefficients,Spectral & time-frequency properties
"value__cwt_coefficients__coeff_14__w_20__widths_(2, 5, 10, 20)",cwt_coefficients,Spectral & time-frequency properties
"value__cwt_coefficients__coeff_14__w_2__widths_(2, 5, 10, 20)",cwt_coefficients,Spectral & time-frequency properties
"value__cwt_coefficients__coeff_14__w_5__widths_(2, 5, 10, 20)",cwt_coefficients,Spectral & time-frequency properties
"value__cwt_coefficients__coeff_1__w_10__widths_(2, 5, 10, 20)",cwt_coefficients,Spectral & time-frequency properties
"value__cwt_coefficients__coeff_1__w_20__widths_(2, 5, 10, 20)",cwt_coefficients,Spectral & time-frequency properties
"value__cwt_coefficients__coeff_1__w_2__widths_(2, 5, 10, 20)",cwt_coefficients,Spectral & time-frequency properties
"value__cwt_coefficients__coeff_1__w_5__widths_(2, 5, 10, 20)",cwt_coefficients,Spectral & time-frequency properties
"value__cwt_coefficients__coeff_2__w_10__widths_(2, 5, 10, 20)",cwt_coefficients,Spectral & time-frequency properties
"value__cwt_coefficients__coeff_2__w_20__widths_(2, 5, 10, 20)",cwt_coefficients,Spectral & time-frequency properties
"value__cwt_coefficients__coeff_2__w_2__widths_(2, 5, 10, 20)",cwt_coefficients,Spectral & time-frequency properties
"value__cwt_coefficients__coeff_2__w_5__widths_(2, 5, 10, 20)",cwt_coefficients,Spectral & time-frequency properties
"value__cwt_coefficients__coeff_3__w_10__widths_(2, 5, 10, 20)",cwt_coefficients,Spectral & time-frequency properties
"value__cwt_coefficients__coeff_3__w_20__widths_(2, 5, 10, 20)",cwt_coefficients,Spectral & time-frequency properties
"value__cwt_coefficients__coeff_3__w_2__widths_(2, 5, 10, 20)",cwt_coefficients,Spectral & time-frequency properties
"value__cwt_coefficients__coeff_3__w_5__widths_(2, 5, 10, 20)",cwt_coefficients,Spectral & time-frequency properties
"value__cwt_coefficients__coeff_4__w_10__widths_(2, 5, 10, 20)",cwt_coefficients,Spectral & time-frequency properties
"value__cwt_coefficients__coeff_4__w_20__widths_(2, 5, 10, 20)",cwt_coefficients,Spectral & time-frequency properties
"value__cwt_coefficients__coeff_4__w_2__widths_(2, 5, 10, 20)",cwt_coefficients,Spectral & time-frequency properties
"value__cwt_coefficients__coeff_4__w_5__widths_(2, 5, 10, 20)",cwt_coefficients,Spectral & time-frequency properties
"value__cwt_coefficients__coeff_5__w_10__widths_(2, 5, 10, 20)",cwt_coefficients,Spectral & time-frequency properties
"value__cwt_coefficients__coeff_5__w_20__widths_(2, 5, 10, 20)",cwt_coefficients,Spectral & time-frequency properties
"value__cwt_coefficients__coeff_5__w_2__widths_(2, 5, 10, 20)",cwt_coefficients,Spectral & time-frequency properties
"value__cwt_coefficients__coeff_5__w_5__widths_(2, 5, 10, 20)",cwt_coefficients,Spectral & time-frequency properties
"value__cwt_coefficients__coeff_6__w_10__widths_(2, 5, 10, 20)",cwt_coefficients,Spectral & time-frequency properties
"value__cwt_coefficients__coeff_6__w_20__widths_(2, 5, 10, 20)",cwt_coefficients,Spectral & time-frequency properties
"value__cwt_coefficients__coeff_6__w_2__widths_(2, 5, 10, 20)",cwt_coefficients,Spectral & time-frequency properties
"value__cwt_coefficients__coeff_6__w_5__widths_(2, 5, 10, 20)",cwt_coefficients,Spectral & time-frequency properties
"value__cwt_coefficients__coeff_7__w_10__widths_(2, 5, 10, 20)",cwt_coefficients,Spectral & time-frequency properties
"value__cwt_coefficients__coeff_7__w_20__widths_(2, 5, 10, 20)",cwt_coefficients,Spectral & time-frequency properties
"value__cwt_coefficients__coeff_7__w_2__widths_(2, 5, 10, 20)",cwt_coefficients,Spectral & time-frequency properties
"value__cwt_coefficients__coeff_7__w_5__widths_(2, 5, 10, 20)",cwt_coefficients,Spectral & time-frequency properties
"value__cwt_coefficients__coeff_8__w_10__widths_(2, 5, 10, 20)",cwt_coefficients,Spectral & time-frequency properties
"value__cwt_coefficients__coeff_8__w_20__widths_(2, 5, 10, 20)",cwt_coefficients,Spectral & time-frequency properties
"value__cwt_coefficients__coeff_8__w_2__widths_(2, 5, 10, 20)",cwt_coefficients,Spectral & time-frequency properties
"value__cwt_coefficients__coeff_8__w_5__widths_(2, 5, 10, 20)",cwt_coefficients,Spectral & time-frequency properties
"value__cwt_coefficients__coeff_9__w_10__widths_(2, 5, 10, 20)",cwt_coefficients,Spectral & time-frequency properties
"value__cwt_coefficients__coeff_9__w_20__widths_(2, 5, 10, 20)",cwt_coefficients,Spectral & time-frequency properties
"value__cwt_coefficients__coeff_9__w_2__widths_(2, 5, 10, 20)",cwt_coefficients,Spectral & time-frequency properties
"value__cwt_coefficients__coeff_9__w_5__widths_(2, 5, 10, 20)",cwt_coefficients,Spectral & time-frequency properties
value__energy_ratio_by_chunks__num_segments_10__segment_focus_0,energy_ratio_by_chunks,"Local variation, energy & morphology"
value__energy_ratio_by_chunks__num_segments_10__segment_focus_1,energy_ratio_by_chunks,"Local variation, energy & morphology"
value__energy_ratio_by_chunks__num_segments_10__segment_focus_2,energy_ratio_by_chunks,"Local variation, energy & morphology"
value__energy_ratio_by_chunks__num_segments_10__segment_focus_3,energy_ratio_by_chunks,"Local variation, energy & morphology"
value__energy_ratio_by_chunks__num_segments_10__segment_focus_4,energy_ratio_by_chunks,"Local variation, energy & morphology"
value__energy_ratio_by_chunks__num_segments_10__segment_focus_5,energy_ratio_by_chunks,"Local variation, energy & morphology"
value__energy_ratio_by_chunks__num_segments_10__segment_focus_6,energy_ratio_by_chunks,"Local variation, energy & morphology"
value__energy_ratio_by_chunks__num_segments_10__segment_focus_7,energy_ratio_by_chunks,"Local variation, energy & morphology"
value__energy_ratio_by_chunks__num_segments_10__segment_focus_8,energy_ratio_by_chunks,"Local variation, energy & morphology"
value__energy_ratio_by_chunks__num_segments_10__segment_focus_9,energy_ratio_by_chunks,"Local variation, energy & morphology"
"value__fft_aggregated__aggtype_""centroid""",fft_aggregated,Spectral & time-frequency properties
"value__fft_aggregated__aggtype_""kurtosis""",fft_aggregated,Spectral & time-frequency properties
"value__fft_aggregated__aggtype_""skew""",fft_aggregated,Spectral & time-frequency properties
"value__fft_aggregated__aggtype_""variance""",fft_aggregated,Spectral & time-frequency properties
"value__fft_coefficient__attr_""abs""__coeff_0",fft_coefficient,Spectral & time-frequency properties
"value__fft_coefficient__attr_""abs""__coeff_1",fft_coefficient,Spectral & time-frequency properties
"value__fft_coefficient__attr_""abs""__coeff_10",fft_coefficient,Spectral & time-frequency properties
"value__fft_coefficient__attr_""abs""__coeff_11",fft_coefficient,Spectral & time-frequency properties
"value__fft_coefficient__attr_""abs""__coeff_12",fft_coefficient,Spectral & time-frequency properties
"value__fft_coefficient__attr_""abs""__coeff_13",fft_coefficient,Spectral & time-frequency properties
"value__fft_coefficient__attr_""abs""__coeff_14",fft_coefficient,Spectral & time-frequency properties
"value__fft_coefficient__attr_""abs""__coeff_15",fft_coefficient,Spectral & time-frequency properties
"value__fft_coefficient__attr_""abs""__coeff_16",fft_coefficient,Spectral & time-frequency properties
"value__fft_coefficient__attr_""abs""__coeff_17",fft_coefficient,Spectral & time-frequency properties
"value__fft_coefficient__attr_""abs""__coeff_18",fft_coefficient,Spectral & time-frequency properties
"value__fft_coefficient__attr_""abs""__coeff_19",fft_coefficient,Spectral & time-frequency properties
"value__fft_coefficient__attr_""abs""__coeff_2",fft_coefficient,Spectral & time-frequency properties
"value__fft_coefficient__attr_""abs""__coeff_20",fft_coefficient,Spectral & time-frequency properties
"value__fft_coefficient__attr_""abs""__coeff_21",fft_coefficient,Spectral & time-frequency properties
"value__fft_coefficient__attr_""abs""__coeff_22",fft_coefficient,Spectral & time-frequency properties
"value__fft_coefficient__attr_""abs""__coeff_23",fft_coefficient,Spectral & time-frequency properties
"value__fft_coefficient__attr_""abs""__coeff_24",fft_coefficient,Spectral & time-frequency properties
"value__fft_coefficient__attr_""abs""__coeff_25",fft_coefficient,Spectral & time-frequency properties
"value__fft_coefficient__attr_""abs""__coeff_26",fft_coefficient,Spectral & time-frequency properties
"value__fft_coefficient__attr_""abs""__coeff_27",fft_coefficient,Spectral & time-frequency properties
"value__fft_coefficient__attr_""abs""__coeff_28",fft_coefficient,Spectral & time-frequency properties
"value__fft_coefficient__attr_""abs""__coeff_29",fft_coefficient,Spectral & time-frequency properties
"value__fft_coefficient__attr_""abs""__coeff_3",fft_coefficient,Spectral & time-frequency properties
"value__fft_coefficient__attr_""abs""__coeff_30",fft_coefficient,Spectral & time-frequency properties
"value__fft_coefficient__attr_""abs""__coeff_31",fft_coefficient,Spectral & time-frequency properties
"value__fft_coefficient__attr_""abs""__coeff_32",fft_coefficient,Spectral & time-frequency properties
"value__fft_coefficient__attr_""abs""__coeff_33",fft_coefficient,Spectral & time-frequency properties
"value__fft_coefficient__attr_""abs""__coeff_34",fft_coefficient,Spectral & time-frequency properties
"value__fft_coefficient__attr_""abs""__coeff_35",fft_coefficient,Spectral & time-frequency properties
"value__fft_coefficient__attr_""abs""__coeff_36",fft_coefficient,Spectral & time-frequency properties
"value__fft_coefficient__attr_""abs""__coeff_37",fft_coefficient,Spectral & time-frequency properties
"value__fft_coefficient__attr_""abs""__coeff_38",fft_coefficient,Spectral & time-frequency properties
"value__fft_coefficient__attr_""abs""__coeff_39",fft_coefficient,Spectral & time-frequency properties
"value__fft_coefficient__attr_""abs""__coeff_4",fft_coefficient,Spectral & time-frequency properties
"value__fft_coefficient__attr_""abs""__coeff_40",fft_coefficient,Spectral & time-frequency properties
"value__fft_coefficient__attr_""abs""__coeff_41",fft_coefficient,Spectral & time-frequency properties
"value__fft_coefficient__attr_""abs""__coeff_42",fft_coefficient,Spectral & time-frequency properties
"value__fft_coefficient__attr_""abs""__coeff_43",fft_coefficient,Spectral & time-frequency properties
"value__fft_coefficient__attr_""abs""__coeff_44",fft_coefficient,Spectral & time-frequency properties
"value__fft_coefficient__attr_""abs""__coeff_45",fft_coefficient,Spectral & time-frequency properties
"value__fft_coefficient__attr_""abs""__coeff_46",fft_coefficient,Spectral & time-frequency properties
"value__fft_coefficient__attr_""abs""__coeff_47",fft_coefficient,Spectral & time-frequency properties
"value__fft_coefficient__attr_""abs""__coeff_48",fft_coefficient,Spectral & time-frequency properties
"value__fft_coefficient__attr_""abs""__coeff_49",fft_coefficient,Spectral & time-frequency properties
"value__fft_coefficient__attr_""abs""__coeff_5",fft_coefficient,Spectral & time-frequency properties
"value__fft_coefficient__attr_""abs""__coeff_50",fft_coefficient,Spectral & time-frequency properties
"value__fft_coefficient__attr_""abs""__coeff_51",fft_coefficient,Spectral & time-frequency properties
"value__fft_coefficient__attr_""abs""__coeff_52",fft_coefficient,Spectral & time-frequency properties
"value__fft_coefficient__attr_""abs""__coeff_53",fft_coefficient,Spectral & time-frequency properties
"value__fft_coefficient__attr_""abs""__coeff_54",fft_coefficient,Spectral & time-frequency properties
"value__fft_coefficient__attr_""abs""__coeff_55",fft_coefficient,Spectral & time-frequency properties
"value__fft_coefficient__attr_""abs""__coeff_56",fft_coefficient,Spectral & time-frequency properties
"value__fft_coefficient__attr_""abs""__coeff_57",fft_coefficient,Spectral & time-frequency properties
"value__fft_coefficient__attr_""abs""__coeff_58",fft_coefficient,Spectral & time-frequency properties
"value__fft_coefficient__attr_""abs""__coeff_59",fft_coefficient,Spectral & time-frequency properties
"value__fft_coefficient__attr_""abs""__coeff_6",fft_coefficient,Spectral & time-frequency properties
"value__fft_coefficient__attr_""abs""__coeff_60",fft_coefficient,Spectral & time-frequency properties
"value__fft_coefficient__attr_""abs""__coeff_61",fft_coefficient,Spectral & time-frequency properties
"value__fft_coefficient__attr_""abs""__coeff_62",fft_coefficient,Spectral & time-frequency properties
"value__fft_coefficient__attr_""abs""__coeff_63",fft_coefficient,Spectral & time-frequency properties
"value__fft_coefficient__attr_""abs""__coeff_64",fft_coefficient,Spectral & time-frequency properties
"value__fft_coefficient__attr_""abs""__coeff_65",fft_coefficient,Spectral & time-frequency properties
"value__fft_coefficient__attr_""abs""__coeff_66",fft_coefficient,Spectral & time-frequency properties
"value__fft_coefficient__attr_""abs""__coeff_67",fft_coefficient,Spectral & time-frequency properties
"value__fft_coefficient__attr_""abs""__coeff_68",fft_coefficient,Spectral & time-frequency properties
"value__fft_coefficient__attr_""abs""__coeff_69",fft_coefficient,Spectral & time-frequency properties
"value__fft_coefficient__attr_""abs""__coeff_7",fft_coefficient,Spectral & time-frequency properties
"value__fft_coefficient__attr_""abs""__coeff_70",fft_coefficient,Spectral & time-frequency properties
"value__fft_coefficient__attr_""abs""__coeff_71",fft_coefficient,Spectral & time-frequency properties
"value__fft_coefficient__attr_""abs""__coeff_72",fft_coefficient,Spectral & time-frequency properties
"value__fft_coefficient__attr_""abs""__coeff_73",fft_coefficient,Spectral & time-frequency properties
"value__fft_coefficient__attr_""abs""__coeff_74",fft_coefficient,Spectral & time-frequency properties
"value__fft_coefficient__attr_""abs""__coeff_75",fft_coefficient,Spectral & time-frequency properties
"value__fft_coefficient__attr_""abs""__coeff_76",fft_coefficient,Spectral & time-frequency properties
"value__fft_coefficient__attr_""abs""__coeff_77",fft_coefficient,Spectral & time-frequency properties
"value__fft_coefficient__attr_""abs""__coeff_78",fft_coefficient,Spectral & time-frequency properties
"value__fft_coefficient__attr_""abs""__coeff_79",fft_coefficient,Spectral & time-frequency properties
"value__fft_coefficient__attr_""abs""__coeff_8",fft_coefficient,Spectral & time-frequency properties
"value__fft_coefficient__attr_""abs""__coeff_80",fft_coefficient,Spectral & time-frequency properties
"value__fft_coefficient__attr_""abs""__coeff_81",fft_coefficient,Spectral & time-frequency properties
"value__fft_coefficient__attr_""abs""__coeff_82",fft_coefficient,Spectral & time-frequency properties
"value__fft_coefficient__attr_""abs""__coeff_83",fft_coefficient,Spectral & time-frequency properties
"value__fft_coefficient__attr_""abs""__coeff_84",fft_coefficient,Spectral & time-frequency properties
"value__fft_coefficient__attr_""abs""__coeff_85",fft_coefficient,Spectral & time-frequency properties
"value__fft_coefficient__attr_""abs""__coeff_86",fft_coefficient,Spectral & time-frequency properties
"value__fft_coefficient__attr_""abs""__coeff_87",fft_coefficient,Spectral & time-frequency properties
"value__fft_coefficient__attr_""abs""__coeff_88",fft_coefficient,Spectral & time-frequency properties
"value__fft_coefficient__attr_""abs""__coeff_89",fft_coefficient,Spectral & time-frequency properties
"value__fft_coefficient__attr_""abs""__coeff_9",fft_coefficient,Spectral & time-frequency properties
"value__fft_coefficient__attr_""abs""__coeff_90",fft_coefficient,Spectral & time-frequency properties
"value__fft_coefficient__attr_""abs""__coeff_91",fft_coefficient,Spectral & time-frequency properties
"value__fft_coefficient__attr_""abs""__coeff_92",fft_coefficient,Spectral & time-frequency properties
"value__fft_coefficient__attr_""abs""__coeff_93",fft_coefficient,Spectral & time-frequency properties
"value__fft_coefficient__attr_""abs""__coeff_94",fft_coefficient,Spectral & time-frequency properties
"value__fft_coefficient__attr_""abs""__coeff_95",fft_coefficient,Spectral & time-frequency properties
"value__fft_coefficient__attr_""abs""__coeff_96",fft_coefficient,Spectral & time-frequency properties
"value__fft_coefficient__attr_""abs""__coeff_97",fft_coefficient,Spectral & time-frequency properties
"value__fft_coefficient__attr_""abs""__coeff_98",fft_coefficient,Spectral & time-frequency properties
"value__fft_coefficient__attr_""abs""__coeff_99",fft_coefficient,Spectral & time-frequency properties
"value__fft_coefficient__attr_""angle""__coeff_0",fft_coefficient,Spectral & time-frequency properties
"value__fft_coefficient__attr_""angle""__coeff_1",fft_coefficient,Spectral & time-frequency properties
"value__fft_coefficient__attr_""angle""__coeff_10",fft_coefficient,Spectral & time-frequency properties
"value__fft_coefficient__attr_""angle""__coeff_11",fft_coefficient,Spectral & time-frequency properties
"value__fft_coefficient__attr_""angle""__coeff_12",fft_coefficient,Spectral & time-frequency properties
"value__fft_coefficient__attr_""angle""__coeff_13",fft_coefficient,Spectral & time-frequency properties
"value__fft_coefficient__attr_""angle""__coeff_14",fft_coefficient,Spectral & time-frequency properties
"value__fft_coefficient__attr_""angle""__coeff_15",fft_coefficient,Spectral & time-frequency properties
"value__fft_coefficient__attr_""angle""__coeff_16",fft_coefficient,Spectral & time-frequency properties
"value__fft_coefficient__attr_""angle""__coeff_17",fft_coefficient,Spectral & time-frequency properties
"value__fft_coefficient__attr_""angle""__coeff_18",fft_coefficient,Spectral & time-frequency properties
"value__fft_coefficient__attr_""angle""__coeff_19",fft_coefficient,Spectral & time-frequency properties
"value__fft_coefficient__attr_""angle""__coeff_2",fft_coefficient,Spectral & time-frequency properties
"value__fft_coefficient__attr_""angle""__coeff_20",fft_coefficient,Spectral & time-frequency properties
"value__fft_coefficient__attr_""angle""__coeff_21",fft_coefficient,Spectral & time-frequency properties
"value__fft_coefficient__attr_""angle""__coeff_22",fft_coefficient,Spectral & time-frequency properties
"value__fft_coefficient__attr_""angle""__coeff_23",fft_coefficient,Spectral & time-frequency properties
"value__fft_coefficient__attr_""angle""__coeff_24",fft_coefficient,Spectral & time-frequency properties
"value__fft_coefficient__attr_""angle""__coeff_25",fft_coefficient,Spectral & time-frequency properties
"value__fft_coefficient__attr_""angle""__coeff_26",fft_coefficient,Spectral & time-frequency properties
"value__fft_coefficient__attr_""angle""__coeff_27",fft_coefficient,Spectral & time-frequency properties
"value__fft_coefficient__attr_""angle""__coeff_28",fft_coefficient,Spectral & time-frequency properties
"value__fft_coefficient__attr_""angle""__coeff_29",fft_coefficient,Spectral & time-frequency properties
"value__fft_coefficient__attr_""angle""__coeff_3",fft_coefficient,Spectral & time-frequency properties
"value__fft_coefficient__attr_""angle""__coeff_30",fft_coefficient,Spectral & time-frequency properties
"value__fft_coefficient__attr_""angle""__coeff_31",fft_coefficient,Spectral & time-frequency properties
"value__fft_coefficient__attr_""angle""__coeff_32",fft_coefficient,Spectral & time-frequency properties
"value__fft_coefficient__attr_""angle""__coeff_33",fft_coefficient,Spectral & time-frequency properties
"value__fft_coefficient__attr_""angle""__coeff_34",fft_coefficient,Spectral & time-frequency properties
"value__fft_coefficient__attr_""angle""__coeff_35",fft_coefficient,Spectral & time-frequency properties
"value__fft_coefficient__attr_""angle""__coeff_36",fft_coefficient,Spectral & time-frequency properties
"value__fft_coefficient__attr_""angle""__coeff_37",fft_coefficient,Spectral & time-frequency properties
"value__fft_coefficient__attr_""angle""__coeff_38",fft_coefficient,Spectral & time-frequency properties
"value__fft_coefficient__attr_""angle""__coeff_39",fft_coefficient,Spectral & time-frequency properties
"value__fft_coefficient__attr_""angle""__coeff_4",fft_coefficient,Spectral & time-frequency properties
"value__fft_coefficient__attr_""angle""__coeff_40",fft_coefficient,Spectral & time-frequency properties
"value__fft_coefficient__attr_""angle""__coeff_41",fft_coefficient,Spectral & time-frequency properties
"value__fft_coefficient__attr_""angle""__coeff_42",fft_coefficient,Spectral & time-frequency properties
"value__fft_coefficient__attr_""angle""__coeff_43",fft_coefficient,Spectral & time-frequency properties
"value__fft_coefficient__attr_""angle""__coeff_44",fft_coefficient,Spectral & time-frequency properties
"value__fft_coefficient__attr_""angle""__coeff_45",fft_coefficient,Spectral & time-frequency properties
"value__fft_coefficient__attr_""angle""__coeff_46",fft_coefficient,Spectral & time-frequency properties
"value__fft_coefficient__attr_""angle""__coeff_47",fft_coefficient,Spectral & time-frequency properties
"value__fft_coefficient__attr_""angle""__coeff_48",fft_coefficient,Spectral & time-frequency properties
"value__fft_coefficient__attr_""angle""__coeff_49",fft_coefficient,Spectral & time-frequency properties
"value__fft_coefficient__attr_""angle""__coeff_5",fft_coefficient,Spectral & time-frequency properties
"value__fft_coefficient__attr_""angle""__coeff_50",fft_coefficient,Spectral & time-frequency properties
"value__fft_coefficient__attr_""angle""__coeff_51",fft_coefficient,Spectral & time-frequency properties
"value__fft_coefficient__attr_""angle""__coeff_52",fft_coefficient,Spectral & time-frequency properties
"value__fft_coefficient__attr_""angle""__coeff_53",fft_coefficient,Spectral & time-frequency properties
"value__fft_coefficient__attr_""angle""__coeff_54",fft_coefficient,Spectral & time-frequency properties
"value__fft_coefficient__attr_""angle""__coeff_55",fft_coefficient,Spectral & time-frequency properties
"value__fft_coefficient__attr_""angle""__coeff_56",fft_coefficient,Spectral & time-frequency properties
"value__fft_coefficient__attr_""angle""__coeff_57",fft_coefficient,Spectral & time-frequency properties
"value__fft_coefficient__attr_""angle""__coeff_58",fft_coefficient,Spectral & time-frequency properties
"value__fft_coefficient__attr_""angle""__coeff_59",fft_coefficient,Spectral & time-frequency properties
"value__fft_coefficient__attr_""angle""__coeff_6",fft_coefficient,Spectral & time-frequency properties
"value__fft_coefficient__attr_""angle""__coeff_60",fft_coefficient,Spectral & time-frequency properties
"value__fft_coefficient__attr_""angle""__coeff_61",fft_coefficient,Spectral & time-frequency properties
"value__fft_coefficient__attr_""angle""__coeff_62",fft_coefficient,Spectral & time-frequency properties
"value__fft_coefficient__attr_""angle""__coeff_63",fft_coefficient,Spectral & time-frequency properties
"value__fft_coefficient__attr_""angle""__coeff_64",fft_coefficient,Spectral & time-frequency properties
"value__fft_coefficient__attr_""angle""__coeff_65",fft_coefficient,Spectral & time-frequency properties
"value__fft_coefficient__attr_""angle""__coeff_66",fft_coefficient,Spectral & time-frequency properties
"value__fft_coefficient__attr_""angle""__coeff_67",fft_coefficient,Spectral & time-frequency properties
"value__fft_coefficient__attr_""angle""__coeff_68",fft_coefficient,Spectral & time-frequency properties
"value__fft_coefficient__attr_""angle""__coeff_69",fft_coefficient,Spectral & time-frequency properties
"value__fft_coefficient__attr_""angle""__coeff_7",fft_coefficient,Spectral & time-frequency properties
"value__fft_coefficient__attr_""angle""__coeff_70",fft_coefficient,Spectral & time-frequency properties
"value__fft_coefficient__attr_""angle""__coeff_71",fft_coefficient,Spectral & time-frequency properties
"value__fft_coefficient__attr_""angle""__coeff_72",fft_coefficient,Spectral & time-frequency properties
"value__fft_coefficient__attr_""angle""__coeff_73",fft_coefficient,Spectral & time-frequency properties
"value__fft_coefficient__attr_""angle""__coeff_74",fft_coefficient,Spectral & time-frequency properties
"value__fft_coefficient__attr_""angle""__coeff_75",fft_coefficient,Spectral & time-frequency properties
"value__fft_coefficient__attr_""angle""__coeff_76",fft_coefficient,Spectral & time-frequency properties
"value__fft_coefficient__attr_""angle""__coeff_77",fft_coefficient,Spectral & time-frequency properties
"value__fft_coefficient__attr_""angle""__coeff_78",fft_coefficient,Spectral & time-frequency properties
"value__fft_coefficient__attr_""angle""__coeff_79",fft_coefficient,Spectral & time-frequency properties
"value__fft_coefficient__attr_""angle""__coeff_8",fft_coefficient,Spectral & time-frequency properties
"value__fft_coefficient__attr_""angle""__coeff_80",fft_coefficient,Spectral & time-frequency properties
"value__fft_coefficient__attr_""angle""__coeff_81",fft_coefficient,Spectral & time-frequency properties
"value__fft_coefficient__attr_""angle""__coeff_82",fft_coefficient,Spectral & time-frequency properties
"value__fft_coefficient__attr_""angle""__coeff_83",fft_coefficient,Spectral & time-frequency properties
"value__fft_coefficient__attr_""angle""__coeff_84",fft_coefficient,Spectral & time-frequency properties
"value__fft_coefficient__attr_""angle""__coeff_85",fft_coefficient,Spectral & time-frequency properties
"value__fft_coefficient__attr_""angle""__coeff_86",fft_coefficient,Spectral & time-frequency properties
"value__fft_coefficient__attr_""angle""__coeff_87",fft_coefficient,Spectral & time-frequency properties
"value__fft_coefficient__attr_""angle""__coeff_88",fft_coefficient,Spectral & time-frequency properties
"value__fft_coefficient__attr_""angle""__coeff_89",fft_coefficient,Spectral & time-frequency properties
"value__fft_coefficient__attr_""angle""__coeff_9",fft_coefficient,Spectral & time-frequency properties
"value__fft_coefficient__attr_""angle""__coeff_90",fft_coefficient,Spectral & time-frequency properties
"value__fft_coefficient__attr_""angle""__coeff_91",fft_coefficient,Spectral & time-frequency properties
"value__fft_coefficient__attr_""angle""__coeff_92",fft_coefficient,Spectral & time-frequency properties
"value__fft_coefficient__attr_""angle""__coeff_93",fft_coefficient,Spectral & time-frequency properties
"value__fft_coefficient__attr_""angle""__coeff_94",fft_coefficient,Spectral & time-frequency properties
"value__fft_coefficient__attr_""angle""__coeff_95",fft_coefficient,Spectral & time-frequency properties
"value__fft_coefficient__attr_""angle""__coeff_96",fft_coefficient,Spectral & time-frequency properties
"value__fft_coefficient__attr_""angle""__coeff_97",fft_coefficient,Spectral & time-frequency properties
"value__fft_coefficient__attr_""angle""__coeff_98",fft_coefficient,Spectral & time-frequency properties
"value__fft_coefficient__attr_""angle""__coeff_99",fft_coefficient,Spectral & time-frequency properties
"value__fft_coefficient__attr_""imag""__coeff_0",fft_coefficient,Spectral & time-frequency properties
"value__fft_coefficient__attr_""imag""__coeff_1",fft_coefficient,Spectral & time-frequency properties
"value__fft_coefficient__attr_""imag""__coeff_10",fft_coefficient,Spectral & time-frequency properties
"value__fft_coefficient__attr_""imag""__coeff_11",fft_coefficient,Spectral & time-frequency properties
"value__fft_coefficient__attr_""imag""__coeff_12",fft_coefficient,Spectral & time-frequency properties
"value__fft_coefficient__attr_""imag""__coeff_13",fft_coefficient,Spectral & time-frequency properties
"value__fft_coefficient__attr_""imag""__coeff_14",fft_coefficient,Spectral & time-frequency properties
"value__fft_coefficient__attr_""imag""__coeff_15",fft_coefficient,Spectral & time-frequency properties
"value__fft_coefficient__attr_""imag""__coeff_16",fft_coefficient,Spectral & time-frequency properties
"value__fft_coefficient__attr_""imag""__coeff_17",fft_coefficient,Spectral & time-frequency properties
"value__fft_coefficient__attr_""imag""__coeff_18",fft_coefficient,Spectral & time-frequency properties
"value__fft_coefficient__attr_""imag""__coeff_19",fft_coefficient,Spectral & time-frequency properties
"value__fft_coefficient__attr_""imag""__coeff_2",fft_coefficient,Spectral & time-frequency properties
"value__fft_coefficient__attr_""imag""__coeff_20",fft_coefficient,Spectral & time-frequency properties
"value__fft_coefficient__attr_""imag""__coeff_21",fft_coefficient,Spectral & time-frequency properties
"value__fft_coefficient__attr_""imag""__coeff_22",fft_coefficient,Spectral & time-frequency properties
"value__fft_coefficient__attr_""imag""__coeff_23",fft_coefficient,Spectral & time-frequency properties
"value__fft_coefficient__attr_""imag""__coeff_24",fft_coefficient,Spectral & time-frequency properties
"value__fft_coefficient__attr_""imag""__coeff_25",fft_coefficient,Spectral & time-frequency properties
"value__fft_coefficient__attr_""imag""__coeff_26",fft_coefficient,Spectral & time-frequency properties
"value__fft_coefficient__attr_""imag""__coeff_27",fft_coefficient,Spectral & time-frequency properties
"value__fft_coefficient__attr_""imag""__coeff_28",fft_coefficient,Spectral & time-frequency properties
"value__fft_coefficient__attr_""imag""__coeff_29",fft_coefficient,Spectral & time-frequency properties
"value__fft_coefficient__attr_""imag""__coeff_3",fft_coefficient,Spectral & time-frequency properties
"value__fft_coefficient__attr_""imag""__coeff_30",fft_coefficient,Spectral & time-frequency properties
"value__fft_coefficient__attr_""imag""__coeff_31",fft_coefficient,Spectral & time-frequency properties
"value__fft_coefficient__attr_""imag""__coeff_32",fft_coefficient,Spectral & time-frequency properties
"value__fft_coefficient__attr_""imag""__coeff_33",fft_coefficient,Spectral & time-frequency properties
"value__fft_coefficient__attr_""imag""__coeff_34",fft_coefficient,Spectral & time-frequency properties
"value__fft_coefficient__attr_""imag""__coeff_35",fft_coefficient,Spectral & time-frequency properties
"value__fft_coefficient__attr_""imag""__coeff_36",fft_coefficient,Spectral & time-frequency properties
"value__fft_coefficient__attr_""imag""__coeff_37",fft_coefficient,Spectral & time-frequency properties
"value__fft_coefficient__attr_""imag""__coeff_38",fft_coefficient,Spectral & time-frequency properties
"value__fft_coefficient__attr_""imag""__coeff_39",fft_coefficient,Spectral & time-frequency properties
"value__fft_coefficient__attr_""imag""__coeff_4",fft_coefficient,Spectral & time-frequency properties
"value__fft_coefficient__attr_""imag""__coeff_40",fft_coefficient,Spectral & time-frequency properties
"value__fft_coefficient__attr_""imag""__coeff_41",fft_coefficient,Spectral & time-frequency properties
"value__fft_coefficient__attr_""imag""__coeff_42",fft_coefficient,Spectral & time-frequency properties
"value__fft_coefficient__attr_""imag""__coeff_43",fft_coefficient,Spectral & time-frequency properties
"value__fft_coefficient__attr_""imag""__coeff_44",fft_coefficient,Spectral & time-frequency properties
"value__fft_coefficient__attr_""imag""__coeff_45",fft_coefficient,Spectral & time-frequency properties
"value__fft_coefficient__attr_""imag""__coeff_46",fft_coefficient,Spectral & time-frequency properties
"value__fft_coefficient__attr_""imag""__coeff_47",fft_coefficient,Spectral & time-frequency properties
"value__fft_coefficient__attr_""imag""__coeff_48",fft_coefficient,Spectral & time-frequency properties
"value__fft_coefficient__attr_""imag""__coeff_49",fft_coefficient,Spectral & time-frequency properties
"value__fft_coefficient__attr_""imag""__coeff_5",fft_coefficient,Spectral & time-frequency properties
"value__fft_coefficient__attr_""imag""__coeff_50",fft_coefficient,Spectral & time-frequency properties
"value__fft_coefficient__attr_""imag""__coeff_51",fft_coefficient,Spectral & time-frequency properties
"value__fft_coefficient__attr_""imag""__coeff_52",fft_coefficient,Spectral & time-frequency properties
"value__fft_coefficient__attr_""imag""__coeff_53",fft_coefficient,Spectral & time-frequency properties
"value__fft_coefficient__attr_""imag""__coeff_54",fft_coefficient,Spectral & time-frequency properties
"value__fft_coefficient__attr_""imag""__coeff_55",fft_coefficient,Spectral & time-frequency properties
"value__fft_coefficient__attr_""imag""__coeff_56",fft_coefficient,Spectral & time-frequency properties
"value__fft_coefficient__attr_""imag""__coeff_57",fft_coefficient,Spectral & time-frequency properties
"value__fft_coefficient__attr_""imag""__coeff_58",fft_coefficient,Spectral & time-frequency properties
"value__fft_coefficient__attr_""imag""__coeff_59",fft_coefficient,Spectral & time-frequency properties
"value__fft_coefficient__attr_""imag""__coeff_6",fft_coefficient,Spectral & time-frequency properties
"value__fft_coefficient__attr_""imag""__coeff_60",fft_coefficient,Spectral & time-frequency properties
"value__fft_coefficient__attr_""imag""__coeff_61",fft_coefficient,Spectral & time-frequency properties
"value__fft_coefficient__attr_""imag""__coeff_62",fft_coefficient,Spectral & time-frequency properties
"value__fft_coefficient__attr_""imag""__coeff_63",fft_coefficient,Spectral & time-frequency properties
"value__fft_coefficient__attr_""imag""__coeff_64",fft_coefficient,Spectral & time-frequency properties
"value__fft_coefficient__attr_""imag""__coeff_65",fft_coefficient,Spectral & time-frequency properties
"value__fft_coefficient__attr_""imag""__coeff_66",fft_coefficient,Spectral & time-frequency properties
"value__fft_coefficient__attr_""imag""__coeff_67",fft_coefficient,Spectral & time-frequency properties
"value__fft_coefficient__attr_""imag""__coeff_68",fft_coefficient,Spectral & time-frequency properties
"value__fft_coefficient__attr_""imag""__coeff_69",fft_coefficient,Spectral & time-frequency properties
"value__fft_coefficient__attr_""imag""__coeff_7",fft_coefficient,Spectral & time-frequency properties
"value__fft_coefficient__attr_""imag""__coeff_70",fft_coefficient,Spectral & time-frequency properties
"value__fft_coefficient__attr_""imag""__coeff_71",fft_coefficient,Spectral & time-frequency properties
"value__fft_coefficient__attr_""imag""__coeff_72",fft_coefficient,Spectral & time-frequency properties
"value__fft_coefficient__attr_""imag""__coeff_73",fft_coefficient,Spectral & time-frequency properties
"value__fft_coefficient__attr_""imag""__coeff_74",fft_coefficient,Spectral & time-frequency properties
"value__fft_coefficient__attr_""imag""__coeff_75",fft_coefficient,Spectral & time-frequency properties
"value__fft_coefficient__attr_""imag""__coeff_76",fft_coefficient,Spectral & time-frequency properties
"value__fft_coefficient__attr_""imag""__coeff_77",fft_coefficient,Spectral & time-frequency properties
"value__fft_coefficient__attr_""imag""__coeff_78",fft_coefficient,Spectral & time-frequency properties
"value__fft_coefficient__attr_""imag""__coeff_79",fft_coefficient,Spectral & time-frequency properties
"value__fft_coefficient__attr_""imag""__coeff_8",fft_coefficient,Spectral & time-frequency properties
"value__fft_coefficient__attr_""imag""__coeff_80",fft_coefficient,Spectral & time-frequency properties
"value__fft_coefficient__attr_""imag""__coeff_81",fft_coefficient,Spectral & time-frequency properties
"value__fft_coefficient__attr_""imag""__coeff_82",fft_coefficient,Spectral & time-frequency properties
"value__fft_coefficient__attr_""imag""__coeff_83",fft_coefficient,Spectral & time-frequency properties
"value__fft_coefficient__attr_""imag""__coeff_84",fft_coefficient,Spectral & time-frequency properties
"value__fft_coefficient__attr_""imag""__coeff_85",fft_coefficient,Spectral & time-frequency properties
"value__fft_coefficient__attr_""imag""__coeff_86",fft_coefficient,Spectral & time-frequency properties
"value__fft_coefficient__attr_""imag""__coeff_87",fft_coefficient,Spectral & time-frequency properties
"value__fft_coefficient__attr_""imag""__coeff_88",fft_coefficient,Spectral & time-frequency properties
"value__fft_coefficient__attr_""imag""__coeff_89",fft_coefficient,Spectral & time-frequency properties
"value__fft_coefficient__attr_""imag""__coeff_9",fft_coefficient,Spectral & time-frequency properties
"value__fft_coefficient__attr_""imag""__coeff_90",fft_coefficient,Spectral & time-frequency properties
"value__fft_coefficient__attr_""imag""__coeff_91",fft_coefficient,Spectral & time-frequency properties
"value__fft_coefficient__attr_""imag""__coeff_92",fft_coefficient,Spectral & time-frequency properties
"value__fft_coefficient__attr_""imag""__coeff_93",fft_coefficient,Spectral & time-frequency properties
"value__fft_coefficient__attr_""imag""__coeff_94",fft_coefficient,Spectral & time-frequency properties
"value__fft_coefficient__attr_""imag""__coeff_95",fft_coefficient,Spectral & time-frequency properties
"value__fft_coefficient__attr_""imag""__coeff_96",fft_coefficient,Spectral & time-frequency properties
"value__fft_coefficient__attr_""imag""__coeff_97",fft_coefficient,Spectral & time-frequency properties
"value__fft_coefficient__attr_""imag""__coeff_98",fft_coefficient,Spectral & time-frequency properties
"value__fft_coefficient__attr_""imag""__coeff_99",fft_coefficient,Spectral & time-frequency properties
"value__fft_coefficient__attr_""real""__coeff_0",fft_coefficient,Spectral & time-frequency properties
"value__fft_coefficient__attr_""real""__coeff_1",fft_coefficient,Spectral & time-frequency properties
"value__fft_coefficient__attr_""real""__coeff_10",fft_coefficient,Spectral & time-frequency properties
"value__fft_coefficient__attr_""real""__coeff_11",fft_coefficient,Spectral & time-frequency properties
"value__fft_coefficient__attr_""real""__coeff_12",fft_coefficient,Spectral & time-frequency properties
"value__fft_coefficient__attr_""real""__coeff_13",fft_coefficient,Spectral & time-frequency properties
"value__fft_coefficient__attr_""real""__coeff_14",fft_coefficient,Spectral & time-frequency properties
"value__fft_coefficient__attr_""real""__coeff_15",fft_coefficient,Spectral & time-frequency properties
"value__fft_coefficient__attr_""real""__coeff_16",fft_coefficient,Spectral & time-frequency properties
"value__fft_coefficient__attr_""real""__coeff_17",fft_coefficient,Spectral & time-frequency properties
"value__fft_coefficient__attr_""real""__coeff_18",fft_coefficient,Spectral & time-frequency properties
"value__fft_coefficient__attr_""real""__coeff_19",fft_coefficient,Spectral & time-frequency properties
"value__fft_coefficient__attr_""real""__coeff_2",fft_coefficient,Spectral & time-frequency properties
"value__fft_coefficient__attr_""real""__coeff_20",fft_coefficient,Spectral & time-frequency properties
"value__fft_coefficient__attr_""real""__coeff_21",fft_coefficient,Spectral & time-frequency properties
"value__fft_coefficient__attr_""real""__coeff_22",fft_coefficient,Spectral & time-frequency properties
"value__fft_coefficient__attr_""real""__coeff_23",fft_coefficient,Spectral & time-frequency properties
"value__fft_coefficient__attr_""real""__coeff_24",fft_coefficient,Spectral & time-frequency properties
"value__fft_coefficient__attr_""real""__coeff_25",fft_coefficient,Spectral & time-frequency properties
"value__fft_coefficient__attr_""real""__coeff_26",fft_coefficient,Spectral & time-frequency properties
"value__fft_coefficient__attr_""real""__coeff_27",fft_coefficient,Spectral & time-frequency properties
"value__fft_coefficient__attr_""real""__coeff_28",fft_coefficient,Spectral & time-frequency properties
"value__fft_coefficient__attr_""real""__coeff_29",fft_coefficient,Spectral & time-frequency properties
"value__fft_coefficient__attr_""real""__coeff_3",fft_coefficient,Spectral & time-frequency properties
"value__fft_coefficient__attr_""real""__coeff_30",fft_coefficient,Spectral & time-frequency properties
"value__fft_coefficient__attr_""real""__coeff_31",fft_coefficient,Spectral & time-frequency properties
"value__fft_coefficient__attr_""real""__coeff_32",fft_coefficient,Spectral & time-frequency properties
"value__fft_coefficient__attr_""real""__coeff_33",fft_coefficient,Spectral & time-frequency properties
"value__fft_coefficient__attr_""real""__coeff_34",fft_coefficient,Spectral & time-frequency properties
"value__fft_coefficient__attr_""real""__coeff_35",fft_coefficient,Spectral & time-frequency properties
"value__fft_coefficient__attr_""real""__coeff_36",fft_coefficient,Spectral & time-frequency properties
"value__fft_coefficient__attr_""real""__coeff_37",fft_coefficient,Spectral & time-frequency properties
"value__fft_coefficient__attr_""real""__coeff_38",fft_coefficient,Spectral & time-frequency properties
"value__fft_coefficient__attr_""real""__coeff_39",fft_coefficient,Spectral & time-frequency properties
"value__fft_coefficient__attr_""real""__coeff_4",fft_coefficient,Spectral & time-frequency properties
"value__fft_coefficient__attr_""real""__coeff_40",fft_coefficient,Spectral & time-frequency properties
"value__fft_coefficient__attr_""real""__coeff_41",fft_coefficient,Spectral & time-frequency properties
"value__fft_coefficient__attr_""real""__coeff_42",fft_coefficient,Spectral & time-frequency properties
"value__fft_coefficient__attr_""real""__coeff_43",fft_coefficient,Spectral & time-frequency properties
"value__fft_coefficient__attr_""real""__coeff_44",fft_coefficient,Spectral & time-frequency properties
"value__fft_coefficient__attr_""real""__coeff_45",fft_coefficient,Spectral & time-frequency properties
"value__fft_coefficient__attr_""real""__coeff_46",fft_coefficient,Spectral & time-frequency properties
"value__fft_coefficient__attr_""real""__coeff_47",fft_coefficient,Spectral & time-frequency properties
"value__fft_coefficient__attr_""real""__coeff_48",fft_coefficient,Spectral & time-frequency properties
"value__fft_coefficient__attr_""real""__coeff_49",fft_coefficient,Spectral & time-frequency properties
"value__fft_coefficient__attr_""real""__coeff_5",fft_coefficient,Spectral & time-frequency properties
"value__fft_coefficient__attr_""real""__coeff_50",fft_coefficient,Spectral & time-frequency properties
"value__fft_coefficient__attr_""real""__coeff_51",fft_coefficient,Spectral & time-frequency properties
"value__fft_coefficient__attr_""real""__coeff_52",fft_coefficient,Spectral & time-frequency properties
"value__fft_coefficient__attr_""real""__coeff_53",fft_coefficient,Spectral & time-frequency properties
"value__fft_coefficient__attr_""real""__coeff_54",fft_coefficient,Spectral & time-frequency properties
"value__fft_coefficient__attr_""real""__coeff_55",fft_coefficient,Spectral & time-frequency properties
"value__fft_coefficient__attr_""real""__coeff_56",fft_coefficient,Spectral & time-frequency properties
"value__fft_coefficient__attr_""real""__coeff_57",fft_coefficient,Spectral & time-frequency properties
"value__fft_coefficient__attr_""real""__coeff_58",fft_coefficient,Spectral & time-frequency properties
"value__fft_coefficient__attr_""real""__coeff_59",fft_coefficient,Spectral & time-frequency properties
"value__fft_coefficient__attr_""real""__coeff_6",fft_coefficient,Spectral & time-frequency properties
"value__fft_coefficient__attr_""real""__coeff_60",fft_coefficient,Spectral & time-frequency properties
"value__fft_coefficient__attr_""real""__coeff_61",fft_coefficient,Spectral & time-frequency properties
"value__fft_coefficient__attr_""real""__coeff_62",fft_coefficient,Spectral & time-frequency properties
"value__fft_coefficient__attr_""real""__coeff_63",fft_coefficient,Spectral & time-frequency properties
"value__fft_coefficient__attr_""real""__coeff_64",fft_coefficient,Spectral & time-frequency properties
"value__fft_coefficient__attr_""real""__coeff_65",fft_coefficient,Spectral & time-frequency properties
"value__fft_coefficient__attr_""real""__coeff_66",fft_coefficient,Spectral & time-frequency properties
"value__fft_coefficient__attr_""real""__coeff_67",fft_coefficient,Spectral & time-frequency properties
"value__fft_coefficient__attr_""real""__coeff_68",fft_coefficient,Spectral & time-frequency properties
"value__fft_coefficient__attr_""real""__coeff_69",fft_coefficient,Spectral & time-frequency properties
"value__fft_coefficient__attr_""real""__coeff_7",fft_coefficient,Spectral & time-frequency properties
"value__fft_coefficient__attr_""real""__coeff_70",fft_coefficient,Spectral & time-frequency properties
"value__fft_coefficient__attr_""real""__coeff_71",fft_coefficient,Spectral & time-frequency properties
"value__fft_coefficient__attr_""real""__coeff_72",fft_coefficient,Spectral & time-frequency properties
"value__fft_coefficient__attr_""real""__coeff_73",fft_coefficient,Spectral & time-frequency properties
"value__fft_coefficient__attr_""real""__coeff_74",fft_coefficient,Spectral & time-frequency properties
"value__fft_coefficient__attr_""real""__coeff_75",fft_coefficient,Spectral & time-frequency properties
"value__fft_coefficient__attr_""real""__coeff_76",fft_coefficient,Spectral & time-frequency properties
"value__fft_coefficient__attr_""real""__coeff_77",fft_coefficient,Spectral & time-frequency properties
"value__fft_coefficient__attr_""real""__coeff_78",fft_coefficient,Spectral & time-frequency properties
"value__fft_coefficient__attr_""real""__coeff_79",fft_coefficient,Spectral & time-frequency properties
"value__fft_coefficient__attr_""real""__coeff_8",fft_coefficient,Spectral & time-frequency properties
"value__fft_coefficient__attr_""real""__coeff_80",fft_coefficient,Spectral & time-frequency properties
"value__fft_coefficient__attr_""real""__coeff_81",fft_coefficient,Spectral & time-frequency properties
"value__fft_coefficient__attr_""real""__coeff_82",fft_coefficient,Spectral & time-frequency properties
"value__fft_coefficient__attr_""real""__coeff_83",fft_coefficient,Spectral & time-frequency properties
"value__fft_coefficient__attr_""real""__coeff_84",fft_coefficient,Spectral & time-frequency properties
"value__fft_coefficient__attr_""real""__coeff_85",fft_coefficient,Spectral & time-frequency properties
"value__fft_coefficient__attr_""real""__coeff_86",fft_coefficient,Spectral & time-frequency properties
"value__fft_coefficient__attr_""real""__coeff_87",fft_coefficient,Spectral & time-frequency properties
"value__fft_coefficient__attr_""real""__coeff_88",fft_coefficient,Spectral & time-frequency properties
"value__fft_coefficient__attr_""real""__coeff_89",fft_coefficient,Spectral & time-frequency properties
"value__fft_coefficient__attr_""real""__coeff_9",fft_coefficient,Spectral & time-frequency properties
"value__fft_coefficient__attr_""real""__coeff_90",fft_coefficient,Spectral & time-frequency properties
"value__fft_coefficient__attr_""real""__coeff_91",fft_coefficient,Spectral & time-frequency properties
"value__fft_coefficient__attr_""real""__coeff_92",fft_coefficient,Spectral & time-frequency properties
"value__fft_coefficient__attr_""real""__coeff_93",fft_coefficient,Spectral & time-frequency properties
"value__fft_coefficient__attr_""real""__coeff_94",fft_coefficient,Spectral & time-frequency properties
"value__fft_coefficient__attr_""real""__coeff_95",fft_coefficient,Spectral & time-frequency properties
"value__fft_coefficient__attr_""real""__coeff_96",fft_coefficient,Spectral & time-frequency properties
"value__fft_coefficient__attr_""real""__coeff_97",fft_coefficient,Spectral & time-frequency properties
"value__fft_coefficient__attr_""real""__coeff_98",fft_coefficient,Spectral & time-frequency properties
"value__fft_coefficient__attr_""real""__coeff_99",fft_coefficient,Spectral & time-frequency properties
value__first_location_of_maximum,first_location_of_maximum,"Local variation, energy & morphology"
value__first_location_of_minimum,first_location_of_minimum,"Local variation, energy & morphology"
value__fourier_entropy__bins_10,fourier_entropy,Spectral & time-frequency properties
value__fourier_entropy__bins_100,fourier_entropy,Spectral & time-frequency properties
value__fourier_entropy__bins_2,fourier_entropy,Spectral & time-frequency properties
value__fourier_entropy__bins_3,fourier_entropy,Spectral & time-frequency properties
value__fourier_entropy__bins_5,fourier_entropy,Spectral & time-frequency properties
value__friedrich_coefficients__coeff_0__m_3__r_30,friedrich_coefficients,Complexity & nonlinear dynamics
value__friedrich_coefficients__coeff_1__m_3__r_30,friedrich_coefficients,Complexity & nonlinear dynamics
value__friedrich_coefficients__coeff_2__m_3__r_30,friedrich_coefficients,Complexity & nonlinear dynamics
value__friedrich_coefficients__coeff_3__m_3__r_30,friedrich_coefficients,Complexity & nonlinear dynamics
value__has_duplicate,has_duplicate,"Local variation, energy & morphology"
value__has_duplicate_max,has_duplicate_max,"Local variation, energy & morphology"
value__has_duplicate_min,has_duplicate_min,"Local variation, energy & morphology"
value__index_mass_quantile__q_0.1,index_mass_quantile,"Local variation, energy & morphology"
value__index_mass_quantile__q_0.2,index_mass_quantile,"Local variation, energy & morphology"
value__index_mass_quantile__q_0.3,index_mass_quantile,"Local variation, energy & morphology"
value__index_mass_quantile__q_0.4,index_mass_quantile,"Local variation, energy & morphology"
value__index_mass_quantile__q_0.6,index_mass_quantile,"Local variation, energy & morphology"
value__index_mass_quantile__q_0.7,index_mass_quantile,"Local variation, energy & morphology"
value__index_mass_quantile__q_0.8,index_mass_quantile,"Local variation, energy & morphology"
value__index_mass_quantile__q_0.9,index_mass_quantile,"Local variation, energy & morphology"
value__kurtosis,kurtosis,Distribution & amplitude
value__large_standard_deviation__r_0.05,large_standard_deviation,Distribution & amplitude
value__large_standard_deviation__r_0.1,large_standard_deviation,Distribution & amplitude
value__large_standard_deviation__r_0.15000000000000002,large_standard_deviation,Distribution & amplitude
value__large_standard_deviation__r_0.2,large_standard_deviation,Distribution & amplitude
value__large_standard_deviation__r_0.25,large_standard_deviation,Distribution & amplitude
value__large_standard_deviation__r_0.30000000000000004,large_standard_deviation,Distribution & amplitude
value__large_standard_deviation__r_0.35000000000000003,large_standard_deviation,Distribution & amplitude
value__large_standard_deviation__r_0.4,large_standard_deviation,Distribution & amplitude
value__large_standard_deviation__r_0.45,large_standard_deviation,Distribution & amplitude
value__large_standard_deviation__r_0.5,large_standard_deviation,Distribution & amplitude
value__large_standard_deviation__r_0.55,large_standard_deviation,Distribution & amplitude
value__large_standard_deviation__r_0.6000000000000001,large_standard_deviation,Distribution & amplitude
value__large_standard_deviation__r_0.65,large_standard_deviation,Distribution & amplitude
value__large_standard_deviation__r_0.7000000000000001,large_standard_deviation,Distribution & amplitude
value__large_standard_deviation__r_0.75,large_standard_deviation,Distribution & amplitude
value__large_standard_deviation__r_0.8,large_standard_deviation,Distribution & amplitude
value__large_standard_deviation__r_0.8500000000000001,large_standard_deviation,Distribution & amplitude
value__large_standard_deviation__r_0.9,large_standard_deviation,Distribution & amplitude
value__large_standard_deviation__r_0.9500000000000001,large_standard_deviation,Distribution & amplitude
value__last_location_of_maximum,last_location_of_maximum,"Local variation, energy & morphology"
value__last_location_of_minimum,last_location_of_minimum,"Local variation, energy & morphology"
value__lempel_ziv_complexity__bins_10,lempel_ziv_complexity,Complexity & nonlinear dynamics
value__lempel_ziv_complexity__bins_100,lempel_ziv_complexity,Complexity & nonlinear dynamics
value__lempel_ziv_complexity__bins_2,lempel_ziv_complexity,Complexity & nonlinear dynamics
value__lempel_ziv_complexity__bins_3,lempel_ziv_complexity,Complexity & nonlinear dynamics
value__lempel_ziv_complexity__bins_5,lempel_ziv_complexity,Complexity & nonlinear dynamics
value__length,length,Distribution & amplitude
"value__linear_trend__attr_""intercept""",linear_trend,Temporal dependence & trends
"value__linear_trend__attr_""pvalue""",linear_trend,Temporal dependence & trends
"value__linear_trend__attr_""rvalue""",linear_trend,Temporal dependence & trends
"value__linear_trend__attr_""slope""",linear_trend,Temporal dependence & trends
"value__linear_trend__attr_""stderr""",linear_trend,Temporal dependence & trends
value__longest_strike_above_mean,longest_strike_above_mean,"Local variation, energy & morphology"
value__longest_strike_below_mean,longest_strike_below_mean,"Local variation, energy & morphology"
value__max_langevin_fixed_point__m_3__r_30,max_langevin_fixed_point,Complexity & nonlinear dynamics
value__maximum,maximum,Distribution & amplitude
value__mean,mean,Distribution & amplitude
value__mean_abs_change,mean_abs_change,"Local variation, energy & morphology"
value__mean_change,mean_change,Temporal dependence & trends
value__mean_n_absolute_max__number_of_maxima_7,mean_n_absolute_max,Distribution & amplitude
value__mean_second_derivative_central,mean_second_derivative_central,Temporal dependence & trends
value__median,median,Distribution & amplitude
value__minimum,minimum,Distribution & amplitude
value__number_crossing_m__m_-1,number_crossing_m,"Local variation, energy & morphology"
value__number_crossing_m__m_0,number_crossing_m,"Local variation, energy & morphology"
value__number_crossing_m__m_1,number_crossing_m,"Local variation, energy & morphology"
value__number_cwt_peaks__n_1,number_cwt_peaks,Spectral & time-frequency properties
value__number_cwt_peaks__n_5,number_cwt_peaks,Spectral & time-frequency properties
value__number_peaks__n_1,number_peaks,"Local variation, energy & morphology"
value__number_peaks__n_10,number_peaks,"Local variation, energy & morphology"
value__number_peaks__n_3,number_peaks,"Local variation, energy & morphology"
value__number_peaks__n_5,number_peaks,"Local variation, energy & morphology"
value__number_peaks__n_50,number_peaks,"Local variation, energy & morphology"
value__partial_autocorrelation__lag_0,partial_autocorrelation,Temporal dependence & trends
value__partial_autocorrelation__lag_1,partial_autocorrelation,Temporal dependence & trends
value__partial_autocorrelation__lag_2,partial_autocorrelation,Temporal dependence & trends
value__partial_autocorrelation__lag_3,partial_autocorrelation,Temporal dependence & trends
value__partial_autocorrelation__lag_4,partial_autocorrelation,Temporal dependence & trends
value__partial_autocorrelation__lag_5,partial_autocorrelation,Temporal dependence & trends
value__partial_autocorrelation__lag_6,partial_autocorrelation,Temporal dependence & trends
value__partial_autocorrelation__lag_7,partial_autocorrelation,Temporal dependence & trends
value__partial_autocorrelation__lag_8,partial_autocorrelation,Temporal dependence & trends
value__partial_autocorrelation__lag_9,partial_autocorrelation,Temporal dependence & trends
value__percentage_of_reoccurring_datapoints_to_all_datapoints,percentage_of_reoccurring_datapoints_to_all_datapoints,"Local variation, energy & morphology"
value__percentage_of_reoccurring_values_to_all_values,percentage_of_reoccurring_values_to_all_values,"Local variation, energy & morphology"
value__permutation_entropy__dimension_3__tau_1,permutation_entropy,Complexity & nonlinear dynamics
value__permutation_entropy__dimension_4__tau_1,permutation_entropy,Complexity & nonlinear dynamics
value__permutation_entropy__dimension_5__tau_1,permutation_entropy,Complexity & nonlinear dynamics
value__permutation_entropy__dimension_6__tau_1,permutation_entropy,Complexity & nonlinear dynamics
value__permutation_entropy__dimension_7__tau_1,permutation_entropy,Complexity & nonlinear dynamics
value__quantile__q_0.1,quantile,Distribution & amplitude
value__quantile__q_0.2,quantile,Distribution & amplitude
value__quantile__q_0.3,quantile,Distribution & amplitude
value__quantile__q_0.4,quantile,Distribution & amplitude
value__quantile__q_0.6,quantile,Distribution & amplitude
value__quantile__q_0.7,quantile,Distribution & amplitude
value__quantile__q_0.8,quantile,Distribution & amplitude
value__quantile__q_0.9,quantile,Distribution & amplitude
value__range_count__max_0__min_-1000000000000.0,range_count,Distribution & amplitude
value__range_count__max_1000000000000.0__min_0,range_count,Distribution & amplitude
value__range_count__max_1__min_-1,range_count,Distribution & amplitude
value__ratio_beyond_r_sigma__r_0.5,ratio_beyond_r_sigma,"Local variation, energy & morphology"
value__ratio_beyond_r_sigma__r_1,ratio_beyond_r_sigma,"Local variation, energy & morphology"
value__ratio_beyond_r_sigma__r_1.5,ratio_beyond_r_sigma,"Local variation, energy & morphology"
value__ratio_beyond_r_sigma__r_10,ratio_beyond_r_sigma,"Local variation, energy & morphology"
value__ratio_beyond_r_sigma__r_2,ratio_beyond_r_sigma,"Local variation, energy & morphology"
value__ratio_beyond_r_sigma__r_2.5,ratio_beyond_r_sigma,"Local variation, energy & morphology"
value__ratio_beyond_r_sigma__r_3,ratio_beyond_r_sigma,"Local variation, energy & morphology"
value__ratio_beyond_r_sigma__r_5,ratio_beyond_r_sigma,"Local variation, energy & morphology"
value__ratio_beyond_r_sigma__r_6,ratio_beyond_r_sigma,"Local variation, energy & morphology"
value__ratio_beyond_r_sigma__r_7,ratio_beyond_r_sigma,"Local variation, energy & morphology"
value__ratio_value_number_to_time_series_length,ratio_value_number_to_time_series_length,"Local variation, energy & morphology"
value__root_mean_square,root_mean_square,Distribution & amplitude
value__sample_entropy,sample_entropy,Complexity & nonlinear dynamics
value__skewness,skewness,Distribution & amplitude
value__spkt_welch_density__coeff_2,spkt_welch_density,Spectral & time-frequency properties
value__spkt_welch_density__coeff_5,spkt_welch_density,Spectral & time-frequency properties
value__spkt_welch_density__coeff_8,spkt_welch_density,Spectral & time-frequency properties
value__standard_deviation,standard_deviation,Distribution & amplitude
value__sum_of_reoccurring_data_points,sum_of_reoccurring_data_points,"Local variation, energy & morphology"
value__sum_of_reoccurring_values,sum_of_reoccurring_values,"Local variation, energy & morphology"
value__sum_values,sum_values,Distribution & amplitude
value__symmetry_looking__r_0.0,symmetry_looking,"Local variation, energy & morphology"
value__symmetry_looking__r_0.05,symmetry_looking,"Local variation, energy & morphology"
value__symmetry_looking__r_0.1,symmetry_looking,"Local variation, energy & morphology"
value__symmetry_looking__r_0.15000000000000002,symmetry_looking,"Local variation, energy & morphology"
value__symmetry_looking__r_0.2,symmetry_looking,"Local variation, energy & morphology"
value__symmetry_looking__r_0.25,symmetry_looking,"Local variation, energy & morphology"
value__symmetry_looking__r_0.30000000000000004,symmetry_looking,"Local variation, energy & morphology"
value__symmetry_looking__r_0.35000000000000003,symmetry_looking,"Local variation, energy & morphology"
value__symmetry_looking__r_0.4,symmetry_looking,"Local variation, energy & morphology"
value__symmetry_looking__r_0.45,symmetry_looking,"Local variation, energy & morphology"
value__symmetry_looking__r_0.5,symmetry_looking,"Local variation, energy & morphology"
value__symmetry_looking__r_0.55,symmetry_looking,"Local variation, energy & morphology"
value__symmetry_looking__r_0.6000000000000001,symmetry_looking,"Local variation, energy & morphology"
value__symmetry_looking__r_0.65,symmetry_looking,"Local variation, energy & morphology"
value__symmetry_looking__r_0.7000000000000001,symmetry_looking,"Local variation, energy & morphology"
value__symmetry_looking__r_0.75,symmetry_looking,"Local variation, energy & morphology"
value__symmetry_looking__r_0.8,symmetry_looking,"Local variation, energy & morphology"
value__symmetry_looking__r_0.8500000000000001,symmetry_looking,"Local variation, energy & morphology"
value__symmetry_looking__r_0.9,symmetry_looking,"Local variation, energy & morphology"
value__symmetry_looking__r_0.9500000000000001,symmetry_looking,"Local variation, energy & morphology"
value__time_reversal_asymmetry_statistic__lag_1,time_reversal_asymmetry_statistic,Complexity & nonlinear dynamics
value__time_reversal_asymmetry_statistic__lag_2,time_reversal_asymmetry_statistic,Complexity & nonlinear dynamics
value__time_reversal_asymmetry_statistic__lag_3,time_reversal_asymmetry_statistic,Complexity & nonlinear dynamics
value__value_count__value_-1,value_count,Distribution & amplitude
value__value_count__value_0,value_count,Distribution & amplitude
value__value_count__value_1,value_count,Distribution & amplitude
value__variance,variance,Distribution & amplitude
value__variance_larger_than_standard_deviation,variance_larger_than_standard_deviation,Distribution & amplitude
value__variation_coefficient,variation_coefficient,Distribution & amplitude
